QUERY_ID,QUESTION,EXPECTED_SUPPORTED,EXPECTED_DOCUMENT_ID,CATEGORY,REFERENCE_FACT,DENSE_RANK1_DOCUMENT_ID,DENSE_RANK1_SCORE,ACCEPT_DECISION,HYBRID_TOP5_DOCUMENTS,CONTEXT_DOCUMENT_IDS,CONTEXTS,GEMINI_CALLED,OUTCOME,GEMINI_ANSWER_OR_REFUSAL,PROVIDER_ERROR,EMBEDDING_MS,DENSE_HANA_MS,LEXICAL_MS,HYBRID_FUSION_MS,RETRIEVAL_MS,GENERATION_MS,TOTAL_END_TO_END_MS
RAGDEV001,Which SAP BTP environment is based on the Cloud Foundry application platform for running cloud applications?,1,DOC001,SUPPORTED,The Cloud Foundry environment in SAP BTP is based on the Cloud Foundry application platform and is used to run cloud applications.,DOC001,0.9050,ACCEPT,DOC001;DOC018;DOC002;DOC003;DOC022,DOC001;DOC018;DOC002;DOC003;DOC022,"[{'document_id': 'DOC001', 'title': 'Cloud Foundry Environment', 'source_url': 'https://help.sap.com/docs/btp/sap-business-technology-platform/cloud-foundry-environment', 'chunk_text': 'Cloud Foundry Environment The Cloud Foundry environment allows you to create polyglot cloud applications in Cloud Foundry. It contains the SAP BTP, Cloud Foundry runtime service, which is based on the open-source application platform managed by the Cloud Foundry Foundation. The Cloud Foundry environment enables you to develop new business applications and business services, supporting multiple runtimes, programming languages, libraries, and services. You can leverage a multitude of buildpacks, including community innovations and self-developed buildpacks. It also integrates with SAP HANA extended application services, advanced model. For more information about Cloud Foundry, see the official Cloud Foundry documentation at https://docs.cloudfoundry.org/.', 'retrieval_rank': 1}, {'document_id': 'DOC018', 'title': 'Basic Platform Concepts', 'source_url': 'https://help.sap.com/docs/BTP/df50977d8bfa4c9a8a063ddb37113c43/38ecf59cdda64150a102cfaa62d5faab.html', 'chunk_text': 'of SAP BTP that allows for the development and administration of business applications. Environments are anchored in SAP BTP on subaccount level. SAP BTP provides the following environments: - Cloud Foundry Environment The Cloud Foundry environment enables you to develop new business applications and business services, supporting multiple runtimes, programming languages, libraries, and services. You can leverage a multitude of buildpacks, including community innovations and self-developed buildpacks. - ABAP Environment The ABAP environment allows you to create extensions for ABAP-based products, such as SAP S/4HANA Cloud, and develop new cloud applications. You can transform existing ABAP-based custom code or extensions to the cloud. - Kyma Environment SAP BTP, Kyma runtime provides a fully managed cloud-native Kubernetes application runtime based on', 'retrieval_rank': 2}, {'document_id': 'DOC002', 'title': 'Development in the Cloud Foundry Environment', 'source_url': 'https://help.sap.com/docs/btp/sap-business-technology-platform/development-in-cloud-foundry-environment', 'chunk_text': 'Development in the Cloud Foundry Environment Learn more about developing applications on the SAP BTP, Cloud Foundry environment. Overview SAP BTP, Cloud Foundry environment is an open Platform-as-a-Service (PaaS) targeted at microservice development and orchestration. Develop polyglot applications Build on open standards with SAP Java, Node.js, and Python buildpacks or bring your own language with community buildpacks for PHP, Ruby, Go. Manage the lifecycle of applications Start, stop, scale, and configure distributed cloud applications using standard Cloud Foundry tools, our web-based administration user interface for SAP BTP, and dev-ops capabilities. Optimize development and operations Use the rich set of SAP BTP services including messaging, persistence, and many other capabilities, such as built-in security, compliance, elastic scale, and high-availability setup. Use', 'retrieval_rank': 3}, {'document_id': 'DOC003', 'title': 'Deploying to the Cloud Foundry Environment', 'source_url': 'https://help.sap.com/docs/btp/sap-business-technology-platform/deploying-to-cloud-foundry-environment', 'chunk_text': 'by adding frequent integration, automated testing, and faster delivery. For more information, see Continuous Integration and Delivery . Cloud Foundry Command Line Interface If you prefer to develop on your local machine, you can deploy your application from the folder on your computer directly to SAP BTP using the Cloud Foundry Command Line Interface (CF CLI). For more information, see Deploy Business Applications in the Cloud Foundry Environment. SAP BTP Cockpit You can also deploy your application with or without a manifest.yml file using the SAP BTP cockpit. For more information, see Deploy an Application. Docker Images If you want a higher degree of freedom when realizing your project, you can also deploy your applications and services using Docker images', 'retrieval_rank': 4}, {'document_id': 'DOC022', 'title': 'Tools', 'source_url': 'https://help.sap.com/docs/btp/sap-business-technology-platform/tools', 'chunk_text': 'various SAP services and solutions. Used for: - SAP Fiori development for ABAP and non-ABAP - CAP full-stack application development SAP Build SAP Build enables everyone, no matter the skill level, to create and augment enterprise applications, process automations, and business sites with drag-and-drop simplicity. Used for low-code, no-code development. Command Line Interface for Cloud Foundry The Cloud Foundry command line interface enables you to work with the Cloud Foundry runtime to deploy and manage your applications. Used for managing subaccounts in the SAP BTP, Cloud Foundry runtime. SAP BTP Command Line Interface The SAP BTP command line interface (btp CLI) is the command line tool for convenient account management, such as managing global accounts, directories, subaccounts, entitlements, environment instances,', 'retrieval_rank': 5}]",1,GENERATED_ANSWER,"Based on the provided documentation, the SAP BTP environment based on the Cloud Foundry application platform is the **Cloud Foundry environment** [DOC001] [DOC018]. 

It contains the SAP BTP, Cloud Foundry runtime service, which is based on the open-source application platform managed by the Cloud Foundry Foundation [DOC001].

**Sources:**
* **[DOC001]:** Cloud Foundry Environment ([Source URL](https://help.sap.com/docs/btp/sap-business-technology-platform/cloud-foundry-environment))
* **[DOC018]:** Basic Platform Concepts ([Source URL](https://help.sap.com/docs/BTP/df50977d8bfa4c9a8a063ddb37113c43/38ecf59cdda64150a102cfaa62d5faab.html))",,15.42,14.96,6.68,1.12,38.18,4468.59,7787.61
RAGDEV002,What documentation should a developer use to understand Cloud Foundry application development responsibilities before deployment administration begins?,1,DOC002,SUPPORTED,The Cloud Foundry development documentation covers developing applications in the Cloud Foundry environment before deployment and operations activities.,DOC002,0.8089,ACCEPT,DOC002;DOC003;DOC001;DOC005;DOC006,DOC002;DOC003;DOC001;DOC005;DOC006,"[{'document_id': 'DOC002', 'title': 'Development in the Cloud Foundry Environment', 'source_url': 'https://help.sap.com/docs/btp/sap-business-technology-platform/development-in-cloud-foundry-environment', 'chunk_text': 'Development in the Cloud Foundry Environment Learn more about developing applications on the SAP BTP, Cloud Foundry environment. Overview SAP BTP, Cloud Foundry environment is an open Platform-as-a-Service (PaaS) targeted at microservice development and orchestration. Develop polyglot applications Build on open standards with SAP Java, Node.js, and Python buildpacks or bring your own language with community buildpacks for PHP, Ruby, Go. Manage the lifecycle of applications Start, stop, scale, and configure distributed cloud applications using standard Cloud Foundry tools, our web-based administration user interface for SAP BTP, and dev-ops capabilities. Optimize development and operations Use the rich set of SAP BTP services including messaging, persistence, and many other capabilities, such as built-in security, compliance, elastic scale, and high-availability setup. Use', 'retrieval_rank': 1}, {'document_id': 'DOC003', 'title': 'Deploying to the Cloud Foundry Environment', 'source_url': 'https://help.sap.com/docs/btp/sap-business-technology-platform/deploying-to-cloud-foundry-environment', 'chunk_text': ""Deploying to the Cloud Foundry Environment Get an overview of available deployment options. When deploying applications and services to the cloud, you can choose from a number of different approaches and tools, depending on your development setup. Multitarget Applications If you've decided to develop your application or service with the multitarget approach, you can deploy it to SAP BTP using a single .mtar archive file. For more information, see Multitarget Applications in the Cloud Foundry Environment. Continuous Integration and Delivery Continuous Integration and Delivery (CI/CD) are two interrelated concepts that can enhance your development process by adding frequent integration, automated testing, and faster delivery. For more information, see Continuous Integration and Delivery . Cloud Foundry Command Line Interface If you"", 'retrieval_rank': 2}, {'document_id': 'DOC001', 'title': 'Cloud Foundry Environment', 'source_url': 'https://help.sap.com/docs/btp/sap-business-technology-platform/cloud-foundry-environment', 'chunk_text': 'Cloud Foundry Environment The Cloud Foundry environment allows you to create polyglot cloud applications in Cloud Foundry. It contains the SAP BTP, Cloud Foundry runtime service, which is based on the open-source application platform managed by the Cloud Foundry Foundation. The Cloud Foundry environment enables you to develop new business applications and business services, supporting multiple runtimes, programming languages, libraries, and services. You can leverage a multitude of buildpacks, including community innovations and self-developed buildpacks. It also integrates with SAP HANA extended application services, advanced model. For more information about Cloud Foundry, see the official Cloud Foundry documentation at https://docs.cloudfoundry.org/.', 'retrieval_rank': 3}, {'document_id': 'DOC005', 'title': 'Bind an Application to a Service', 'source_url': 'https://help.sap.com/docs/btp/sap-business-technology-platform/bind-application-to-service?locale=enUS', 'chunk_text': 'Bind an Application to a Service In the SAP BTP cockpit, you can bind applications in the Cloud Foundry environment to services by binding them to available service instances. If no service instances are available, you can create a new service instance and bind the application to it directly from the *Service Bindings* page at the application level. Service bindings are used for configuring and delivering access credentials to your applications. Prerequisites - You have the Space Developer or the Space Supporter role. For more information, see About Roles in the Cloud Foundry Environment. - You have deployed an application in the same space where you plan to create the service binding. For more information, see Deploy an Application. -', 'retrieval_rank': 4}, {'document_id': 'DOC006', 'title': 'Manage Environment Variables', 'source_url': 'https://help.sap.com/docs/btp/sap-business-technology-platform/manage-environment-variables?locale=enUS', 'chunk_text': 'space. 2. Choose the application whose environment variables you want to view. 3. Choose *Environment Variables*. Create User-Provided Variables Prerequisites - You must have at least one application deployed in your Cloud Foundry space. - You have the Space Developer or Space Supporter role. Procedure 1. In the SAP BTP cockpit, navigate to the *Applications* page in your Cloud Foundry space. 2. Choose the application for which you want to create a user-provided variable. 3. Choose *User-Provided Variables*. 4. Choose *Create Variable*. 5. Provide a *Key* and a *Value*. These values are case-sensitive. 6. Choose *Create*.', 'retrieval_rank': 5}]",1,LLM_REFUSAL,"Based on the retrieved evidence, the available documentation is insufficient to identify a specific document that outlines ""Cloud Foundry application development responsibilities before deployment administration begins."" 

While the provided documents cover general development topics—such as *Development in the Cloud Foundry Environment* ([DOC002](https://help.sap.com/docs/btp/sap-business-technology-platform/development-in-cloud-foundry-environment)) and *Deploying to the Cloud Foundry Environment* ([DOC003](https://help.sap.com/docs/btp/sap-business-technology-platform/deploying-to-cloud-foundry-environment))—none of them explicitly define or reference developer ""responsibilities"" prior to the start of deployment administration.",,14.71,10.68,4.38,4.24,34.01,4012.81,4123.58
RAGDEV003,Where is the Cloud Foundry deployment lifecycle documented after an application has already been developed?,1,DOC003,SUPPORTED,The deploying documentation covers the deployment lifecycle for applications in the Cloud Foundry environment.,DOC002,0.7985,ACCEPT,DOC001;DOC003;DOC002;DOC021;DOC005,DOC001;DOC003;DOC002;DOC021;DOC005,"[{'document_id': 'DOC001', 'title': 'Cloud Foundry Environment', 'source_url': 'https://help.sap.com/docs/btp/sap-business-technology-platform/cloud-foundry-environment', 'chunk_text': 'Cloud Foundry Environment The Cloud Foundry environment allows you to create polyglot cloud applications in Cloud Foundry. It contains the SAP BTP, Cloud Foundry runtime service, which is based on the open-source application platform managed by the Cloud Foundry Foundation. The Cloud Foundry environment enables you to develop new business applications and business services, supporting multiple runtimes, programming languages, libraries, and services. You can leverage a multitude of buildpacks, including community innovations and self-developed buildpacks. It also integrates with SAP HANA extended application services, advanced model. For more information about Cloud Foundry, see the official Cloud Foundry documentation at https://docs.cloudfoundry.org/.', 'retrieval_rank': 1}, {'document_id': 'DOC003', 'title': 'Deploying to the Cloud Foundry Environment', 'source_url': 'https://help.sap.com/docs/btp/sap-business-technology-platform/deploying-to-cloud-foundry-environment', 'chunk_text': ""Deploying to the Cloud Foundry Environment Get an overview of available deployment options. When deploying applications and services to the cloud, you can choose from a number of different approaches and tools, depending on your development setup. Multitarget Applications If you've decided to develop your application or service with the multitarget approach, you can deploy it to SAP BTP using a single .mtar archive file. For more information, see Multitarget Applications in the Cloud Foundry Environment. Continuous Integration and Delivery Continuous Integration and Delivery (CI/CD) are two interrelated concepts that can enhance your development process by adding frequent integration, automated testing, and faster delivery. For more information, see Continuous Integration and Delivery . Cloud Foundry Command Line Interface If you"", 'retrieval_rank': 2}, {'document_id': 'DOC002', 'title': 'Development in the Cloud Foundry Environment', 'source_url': 'https://help.sap.com/docs/btp/sap-business-technology-platform/development-in-cloud-foundry-environment', 'chunk_text': 'Development in the Cloud Foundry Environment Learn more about developing applications on the SAP BTP, Cloud Foundry environment. Overview SAP BTP, Cloud Foundry environment is an open Platform-as-a-Service (PaaS) targeted at microservice development and orchestration. Develop polyglot applications Build on open standards with SAP Java, Node.js, and Python buildpacks or bring your own language with community buildpacks for PHP, Ruby, Go. Manage the lifecycle of applications Start, stop, scale, and configure distributed cloud applications using standard Cloud Foundry tools, our web-based administration user interface for SAP BTP, and dev-ops capabilities. Optimize development and operations Use the rich set of SAP BTP services including messaging, persistence, and many other capabilities, such as built-in security, compliance, elastic scale, and high-availability setup. Use', 'retrieval_rank': 3}, {'document_id': 'DOC021', 'title': 'Regions', 'source_url': 'https://help.sap.com/docs/BTP/65de2977205c403bbc107264b8eccf4b/350356d1dc314d3199dca15bd2ab9b0e.html', 'chunk_text': ""after enabling Cloud Foundry in your subaccount. There are two possible formats for the API endpoint URL, either displayed with or without an index. Here's an example for eu10: ### Example: - https://api.cf.eu10.hana.ondemand.com - https://api.cf.eu10- .hana.ondemand.com In both cases, the subaccount is located in the region eu10. The differences in the URLs are only an indicator of technical details on the side of SAP BTP and do not affect the functionality of your applications. For information on enabling Cloud Foundry, see Create Orgs. High Availability SAP has a number of processes in place to support resilience in SAP BTP, and provides different offerings so that you can support the high availability of your applications. For more information, see Resilience, High"", 'retrieval_rank': 4}, {'document_id': 'DOC005', 'title': 'Bind an Application to a Service', 'source_url': 'https://help.sap.com/docs/btp/sap-business-technology-platform/bind-application-to-service?locale=enUS', 'chunk_text': 'Bind an Application to a Service In the SAP BTP cockpit, you can bind applications in the Cloud Foundry environment to services by binding them to available service instances. If no service instances are available, you can create a new service instance and bind the application to it directly from the *Service Bindings* page at the application level. Service bindings are used for configuring and delivering access credentials to your applications. Prerequisites - You have the Space Developer or the Space Supporter role. For more information, see About Roles in the Cloud Foundry Environment. - You have deployed an application in the same space where you plan to create the service binding. For more information, see Deploy an Application. -', 'retrieval_rank': 5}]",1,GENERATED_ANSWER,"Based on the provided documentation, there is no single guide explicitly titled ""Cloud Foundry deployment lifecycle."" However, information regarding the post-development deployment and lifecycle management of applications is found in the following resources:

* **Application Lifecycle Management:** Details on starting, stopping, scaling, and configuring distributed cloud applications using standard Cloud Foundry tools, the web-based administration UI for SAP BTP, and dev-ops capabilities are documented under *Development in the Cloud Foundry Environment* [DOC002](https://help.sap.com/docs/btp/sap-business-technology-platform/development-in-cloud-foundry-environment).
* **Deployment Options:** Overview options for deploying applications (such as Multitarget Applications, CI/CD, and the Cloud Foundry Command Line Interface) are documented in *Deploying to the Cloud Foundry Environment* [DOC003](https://help.sap.com/docs/btp/sap-business-technology-platform/deploying-to-cloud-foundry-environment).
* **Official Cloud Foundry Documentation:** For general and comprehensive information about Cloud Foundry, the documentation points to the official Cloud Foundry documentation at [https://docs.cloudfoundry.org/](https://docs.cloudfoundry.org/) [DOC001](https://help.sap.com/docs/btp/sap-business-technology-platform/cloud-foundry-environment).

*Inference:* Based on these resources, it can be inferred that the technical documentation for managing the deployment lifecycle of an already-developed application is shared between SAP BTP-specific deployment/management guides [DOC002] [DOC003] and the official external Cloud Foundry documentation [DOC001].",,32.45,9.53,3.44,0.78,46.20,6277.02,6395.39
RAGDEV004,Which documentation explains how managed service capabilities are represented for Cloud Foundry applications before credentials are attached?,1,DOC004,SUPPORTED,Using services documentation covers service offerings and service instances that applications can consume in Cloud Foundry.,DOC004,0.7938,ACCEPT,DOC005;DOC004;DOC002;DOC001;DOC013,DOC005;DOC004;DOC002;DOC001;DOC013,"[{'document_id': 'DOC005', 'title': 'Bind an Application to a Service', 'source_url': 'https://help.sap.com/docs/btp/sap-business-technology-platform/bind-application-to-service?locale=enUS', 'chunk_text': 'Bind an Application to a Service In the SAP BTP cockpit, you can bind applications in the Cloud Foundry environment to services by binding them to available service instances. If no service instances are available, you can create a new service instance and bind the application to it directly from the *Service Bindings* page at the application level. Service bindings are used for configuring and delivering access credentials to your applications. Prerequisites - You have the Space Developer or the Space Supporter role. For more information, see About Roles in the Cloud Foundry Environment. - You have deployed an application in the same space where you plan to create the service binding. For more information, see Deploy an Application. -', 'retrieval_rank': 1}, {'document_id': 'DOC004', 'title': 'Using Services in the Cloud Foundry Environment', 'source_url': 'https://help.sap.com/docs/BTP/65de2977205c403bbc107264b8eccf4b/f22029f0e7404448ab65f71ff5b0804d.html', 'chunk_text': 'Using Services in the Cloud Foundry Environment Learn more about using services in the Cloud Foundry environment, how to create (user-provided) service instances and bind them to applications, and how to create service keys. - About Services - Binding Service Instances to Applications - Creating Service Instances - Creating Service Keys - Creating User-Provided Service Instances - Deleting Service Instances - Updating Service Instances SAP Service Manager You can also access services for the Cloud Foundry environment through SAP Service Manager, the central registry for service brokers and platforms. It’s tightly integrated with SAP BTP and allows you to consume services in connected runtime environments and to manage platforms, service brokers, service instances, and service bindings. - For more information,', 'retrieval_rank': 2}, {'document_id': 'DOC002', 'title': 'Development in the Cloud Foundry Environment', 'source_url': 'https://help.sap.com/docs/btp/sap-business-technology-platform/development-in-cloud-foundry-environment', 'chunk_text': 'Development in the Cloud Foundry Environment Learn more about developing applications on the SAP BTP, Cloud Foundry environment. Overview SAP BTP, Cloud Foundry environment is an open Platform-as-a-Service (PaaS) targeted at microservice development and orchestration. Develop polyglot applications Build on open standards with SAP Java, Node.js, and Python buildpacks or bring your own language with community buildpacks for PHP, Ruby, Go. Manage the lifecycle of applications Start, stop, scale, and configure distributed cloud applications using standard Cloud Foundry tools, our web-based administration user interface for SAP BTP, and dev-ops capabilities. Optimize development and operations Use the rich set of SAP BTP services including messaging, persistence, and many other capabilities, such as built-in security, compliance, elastic scale, and high-availability setup. Use', 'retrieval_rank': 3}, {'document_id': 'DOC001', 'title': 'Cloud Foundry Environment', 'source_url': 'https://help.sap.com/docs/btp/sap-business-technology-platform/cloud-foundry-environment', 'chunk_text': 'Cloud Foundry Environment The Cloud Foundry environment allows you to create polyglot cloud applications in Cloud Foundry. It contains the SAP BTP, Cloud Foundry runtime service, which is based on the open-source application platform managed by the Cloud Foundry Foundation. The Cloud Foundry environment enables you to develop new business applications and business services, supporting multiple runtimes, programming languages, libraries, and services. You can leverage a multitude of buildpacks, including community innovations and self-developed buildpacks. It also integrates with SAP HANA extended application services, advanced model. For more information about Cloud Foundry, see the official Cloud Foundry documentation at https://docs.cloudfoundry.org/.', 'retrieval_rank': 4}, {'document_id': 'DOC013', 'title': 'Service Keys', 'source_url': 'https://help.sap.com/docs/btp/sap-business-technology-platform/service-keys?locale=en-us', 'chunk_text': 'by using a configuration in the requires section, which results in an injection of the service key credentials in the application environment. ### Sample Code: modules: - name: app123 type: javascript.nodejs requires: - name: service-key-1 parameters: env-var-name: keycredentials ... resources: - name: service-key-1 type: org.cloudfoundry.existing-service-key parameters: service-name: service-a service-key-name: test-key-1 As a result, the application app123 has the environment variable keycredentials, with value the credentials of the existing service key test-key-1 of service service-a. ### Note: Note that only the parameter service-name is mandatory. It defines which service is used by the application. The following parameters are optional: - service-key-name- resource parameter, which defines which service key of the defined service is used. The default value is the name of', 'retrieval_rank': 5}]",1,LLM_REFUSAL,"Based on the provided documents, the available documentation is insufficient to explain how managed service capabilities are represented for Cloud Foundry applications before credentials are attached. 

None of the retrieved sources ([DOC001], [DOC002], [DOC004], [DOC005], [DOC013]) contain information answering this specific question.",,41.94,12.13,4.19,3.03,61.29,4007.88,4173.85
RAGDEV005,What operation creates the relationship that lets a Cloud Foundry app consume an already-created service instance?,1,DOC005,SUPPORTED,Binding an application to a service creates the relationship that lets the application consume the service instance.,DOC004,0.8165,ACCEPT,DOC005;DOC013;DOC016;DOC019;DOC004,DOC005;DOC013;DOC016;DOC019;DOC004,"[{'document_id': 'DOC005', 'title': 'Bind an Application to a Service', 'source_url': 'https://help.sap.com/docs/btp/sap-business-technology-platform/bind-application-to-service?locale=enUS', 'chunk_text': ""looking for a specific service instance in the table and it isn't there, it might already be bound to your application or it may no longer exist. To summarize, you use the wizard to either: - Find the service instance you need in the table with unbound service instances and bind it. - Create a new service instance and then bind it. Here is a detailed description of both procedures: Option 1: Bind an Existing Service Instance 1. In the SAP BTP cockpit, navigate to the *Applications* page in your Cloud Foundry space. 2. Choose the application for which you want to create a service binding. 3. Choose *Service Bindings*. 4. Choose *Bind Service Instance*. This action starts the *Bind"", 'retrieval_rank': 1}, {'document_id': 'DOC013', 'title': 'Service Keys', 'source_url': 'https://help.sap.com/docs/btp/sap-business-technology-platform/service-keys?locale=en-us', 'chunk_text': 'Service Keys The consumption of existing service keys from applications is an alternative of service bindings. The application can use the service key credentials and consume the service. Creation and Update of Service Keys A service-keys parameter can be created or updated when a service instance is being created or updated. It has to be defined under the resources that represent services which support service keys. ### Sample Code: resources: - name: my-service-instance type: org.cloudfoundry.managed-service parameters: service-keys: # Specifies the service keys that should be created for the respective service instance. Optional parameter. - name: tool-access-key # Specified the service key name. Mandatory element. config: # Specified the service key configuration. All entries under this map element are used for', 'retrieval_rank': 2}, {'document_id': 'DOC016', 'title': 'Application Routes and Destinations', 'source_url': 'https://help.sap.com/docs/btp/sap-business-technology-platform/application-routes-and-destinations', 'chunk_text': 'entire subaccount. Connectivity Application Router supports integration with the SAP Connectivity service. The Connectivity service handles proxy access to the Cloud Connector, which tunnels connections to private network systems. In order to use connectivity, a connectivity service instance must be created and bound to the Application Router application. In addition, the relevant destination configurations must contain proxyType=OnPremise and a valid XSUAA login token must be obtained from the login flow. Configure the IASDependencyName Property to Enable App-to-App Navigation You can enable an application to consume the APIs of another application. For more information, see: Configure Integration Between Applications and Consume APIs from Other Applications To enable the technical communication between the applications, the application router must exchange the Identity Authentication', 'retrieval_rank': 3}, {'document_id': 'DOC019', 'title': 'Account Model', 'source_url': 'https://help.sap.com/docs/btp/sap-business-technology-platform/account-model', 'chunk_text': 'your subaccount in Europe. The entitlements and quotas that have been purchased for a global account have to be assigned to the individual subaccounts. Global accounts and subaccounts are completely independent of user accounts. For more information, see User and Member Management. Subaccounts, Cloud Foundry Orgs and Kyma Clusters - When you enable the Cloud Foundry environment in one of your subaccounts, the system automatically creates a Cloud Foundry org for you. The subaccount and the org have a 1:1 relationship and the same navigation level in the cockpit (even though they may have different names). You can create spaces within that Cloud Foundry org. Spaces let you further break down your account model and use services and functions in', 'retrieval_rank': 4}, {'document_id': 'DOC004', 'title': 'Using Services in the Cloud Foundry Environment', 'source_url': 'https://help.sap.com/docs/BTP/65de2977205c403bbc107264b8eccf4b/f22029f0e7404448ab65f71ff5b0804d.html', 'chunk_text': 'Using Services in the Cloud Foundry Environment Learn more about using services in the Cloud Foundry environment, how to create (user-provided) service instances and bind them to applications, and how to create service keys. - About Services - Binding Service Instances to Applications - Creating Service Instances - Creating Service Keys - Creating User-Provided Service Instances - Deleting Service Instances - Updating Service Instances SAP Service Manager You can also access services for the Cloud Foundry environment through SAP Service Manager, the central registry for service brokers and platforms. It’s tightly integrated with SAP BTP and allows you to consume services in connected runtime environments and to manage platforms, service brokers, service instances, and service bindings. - For more information,', 'retrieval_rank': 5}]",1,GENERATED_ANSWER,"Based on the provided documentation, the operation that creates the relationship allowing a Cloud Foundry application to consume an already-created service instance is **binding** the service instance to the application (creating a **service binding**) [DOC005, DOC004]. 

To bind an existing service instance to an application via the SAP BTP cockpit:
1. Navigate to the **Applications** page in your Cloud Foundry space [DOC005].
2. Choose the application you want to bind [DOC005].
3. Choose **Service Bindings** [DOC005].
4. Choose **Bind Service Instance** [DOC005].

*(Inference: Based on the statement that consuming existing service keys is an ""alternative of service bindings"" [DOC013], we can infer that creating and using a **service key** is another method to establish consumption capability without a traditional service binding.)*

**Sources:**
* **[DOC005]:** Bind an Application to a Service (https://help.sap.com/docs/btp/sap-business-technology-platform/bind-application-to-service?locale=enUS)
* **[DOC004]:** Using Services in the Cloud Foundry Environment (https://help.sap.com/docs/BTP/65de2977205c403bbc107264b8eccf4b/f22029f0e7404448ab65f71ff5b0804d.html)
* **[DOC013]:** Service Keys (https://help.sap.com/docs/btp/sap-business-technology-platform/service-keys?locale=en-us)",,17.70,11.32,3.49,2.51,35.02,4498.10,4604.42
RAGDEV006,Which SAP BTP Cloud Foundry setting mechanism supports changing application configuration values outside the application source code?,1,DOC006,SUPPORTED,Environment variables let Cloud Foundry application configuration values be managed outside application source code.,DOC002,0.8171,ACCEPT,DOC001;DOC006;DOC018;DOC022;DOC016,DOC001;DOC006;DOC018;DOC022;DOC016,"[{'document_id': 'DOC001', 'title': 'Cloud Foundry Environment', 'source_url': 'https://help.sap.com/docs/btp/sap-business-technology-platform/cloud-foundry-environment', 'chunk_text': 'Cloud Foundry Environment The Cloud Foundry environment allows you to create polyglot cloud applications in Cloud Foundry. It contains the SAP BTP, Cloud Foundry runtime service, which is based on the open-source application platform managed by the Cloud Foundry Foundation. The Cloud Foundry environment enables you to develop new business applications and business services, supporting multiple runtimes, programming languages, libraries, and services. You can leverage a multitude of buildpacks, including community innovations and self-developed buildpacks. It also integrates with SAP HANA extended application services, advanced model. For more information about Cloud Foundry, see the official Cloud Foundry documentation at https://docs.cloudfoundry.org/.', 'retrieval_rank': 1}, {'document_id': 'DOC006', 'title': 'Manage Environment Variables', 'source_url': 'https://help.sap.com/docs/btp/sap-business-technology-platform/manage-environment-variables?locale=enUS', 'chunk_text': 'space. 2. Choose the application whose environment variables you want to view. 3. Choose *Environment Variables*. Create User-Provided Variables Prerequisites - You must have at least one application deployed in your Cloud Foundry space. - You have the Space Developer or Space Supporter role. Procedure 1. In the SAP BTP cockpit, navigate to the *Applications* page in your Cloud Foundry space. 2. Choose the application for which you want to create a user-provided variable. 3. Choose *User-Provided Variables*. 4. Choose *Create Variable*. 5. Provide a *Key* and a *Value*. These values are case-sensitive. 6. Choose *Create*.', 'retrieval_rank': 2}, {'document_id': 'DOC018', 'title': 'Basic Platform Concepts', 'source_url': 'https://help.sap.com/docs/BTP/df50977d8bfa4c9a8a063ddb37113c43/38ecf59cdda64150a102cfaa62d5faab.html', 'chunk_text': 'of SAP BTP that allows for the development and administration of business applications. Environments are anchored in SAP BTP on subaccount level. SAP BTP provides the following environments: - Cloud Foundry Environment The Cloud Foundry environment enables you to develop new business applications and business services, supporting multiple runtimes, programming languages, libraries, and services. You can leverage a multitude of buildpacks, including community innovations and self-developed buildpacks. - ABAP Environment The ABAP environment allows you to create extensions for ABAP-based products, such as SAP S/4HANA Cloud, and develop new cloud applications. You can transform existing ABAP-based custom code or extensions to the cloud. - Kyma Environment SAP BTP, Kyma runtime provides a fully managed cloud-native Kubernetes application runtime based on', 'retrieval_rank': 3}, {'document_id': 'DOC022', 'title': 'Tools', 'source_url': 'https://help.sap.com/docs/btp/sap-business-technology-platform/tools', 'chunk_text': 'various SAP services and solutions. Used for: - SAP Fiori development for ABAP and non-ABAP - CAP full-stack application development SAP Build SAP Build enables everyone, no matter the skill level, to create and augment enterprise applications, process automations, and business sites with drag-and-drop simplicity. Used for low-code, no-code development. Command Line Interface for Cloud Foundry The Cloud Foundry command line interface enables you to work with the Cloud Foundry runtime to deploy and manage your applications. Used for managing subaccounts in the SAP BTP, Cloud Foundry runtime. SAP BTP Command Line Interface The SAP BTP command line interface (btp CLI) is the command line tool for convenient account management, such as managing global accounts, directories, subaccounts, entitlements, environment instances,', 'retrieval_rank': 4}, {'document_id': 'DOC016', 'title': 'Application Routes and Destinations', 'source_url': 'https://help.sap.com/docs/btp/sap-business-technology-platform/application-routes-and-destinations', 'chunk_text': 'in the environment destination and the destination service, the destination configuration loads the settings from the environment. - If the configuration of a destination is updated in runtime, the changes are reflected automatically to the AppRouter. There’s no need to restart the AppRouter. - The destination service is only available in the Cloud Foundry environment. - You can define destinations at the service instance level. This destination type has a higher priority than the same destination defined on the subaccount level. This enables exposing a specific destination to a specific application instead of to the entire subaccount. Connectivity Application Router supports integration with the SAP Connectivity service. The Connectivity service handles proxy access to the Cloud Connector, which tunnels connections', 'retrieval_rank': 5}]",1,GENERATED_ANSWER,"Based on the provided documentation, the setting mechanism that supports configuring application values outside of the source code is **Environment Variables**, specifically **User-Provided Variables** [DOC006]. 

* **Mechanism Details:** Authorized users (with the Space Developer or Space Supporter role) can manage these settings via the SAP BTP cockpit. Under the *Applications* page of a Cloud Foundry space, users can select an application, navigate to *User-Provided Variables*, and create key-value pairs by providing a specific *Key* and *Value* [DOC006].
* **Inference:** Because these user-provided variables are created and managed directly in the SAP BTP cockpit rather than within the application repository, it is inferred that this is the mechanism used to change configuration values externally without modifying the application's source code.

**Source:**
* [DOC006] Manage Environment Variables (https://help.sap.com/docs/btp/sap-business-technology-platform/manage-environment-variables?locale=enUS)",,11.06,24.08,3.90,7.02,46.07,4356.89,4506.70
RAGDEV007,Which Cloud Foundry documentation explains reserving and managing route addresses for applications?,1,DOC007,SUPPORTED,Create Routes documentation covers creating and managing routes for Cloud Foundry applications.,DOC002,0.7811,ACCEPT,DOC007;DOC001;DOC002;DOC009;DOC022,DOC007;DOC001;DOC002;DOC009;DOC022,"[{'document_id': 'DOC007', 'title': 'Create Routes', 'source_url': 'https://help.sap.com/docs/btp/sap-business-technology-platform/create-routes', 'chunk_text': ""Create Routes You can configure the URLs through which end users can reach your applications. Prerequisites You must have the Space Developer or the Space Supporter role. Context Routes belong to a space but they’re globally unique, regardless of the organization that controls a space. If a route with a URL exists, you can’t create a route with the same URL. Procedure 1. Navigate to your Cloud Foundry space. 2. Choose *Routes* from the left hand-side navigation. 3. Choose *Create Route*. 4. In the dialog, enter the following parameters: Parameter Details Domain From the dropdown menu, you can choose either a shared domain (for example, the default cfapps.&lt;region&gt;.hana.ondemand.com ) or a private domain that you've previously created using the CF"", 'retrieval_rank': 1}, {'document_id': 'DOC001', 'title': 'Cloud Foundry Environment', 'source_url': 'https://help.sap.com/docs/btp/sap-business-technology-platform/cloud-foundry-environment', 'chunk_text': 'Cloud Foundry Environment The Cloud Foundry environment allows you to create polyglot cloud applications in Cloud Foundry. It contains the SAP BTP, Cloud Foundry runtime service, which is based on the open-source application platform managed by the Cloud Foundry Foundation. The Cloud Foundry environment enables you to develop new business applications and business services, supporting multiple runtimes, programming languages, libraries, and services. You can leverage a multitude of buildpacks, including community innovations and self-developed buildpacks. It also integrates with SAP HANA extended application services, advanced model. For more information about Cloud Foundry, see the official Cloud Foundry documentation at https://docs.cloudfoundry.org/.', 'retrieval_rank': 2}, {'document_id': 'DOC002', 'title': 'Development in the Cloud Foundry Environment', 'source_url': 'https://help.sap.com/docs/btp/sap-business-technology-platform/development-in-cloud-foundry-environment', 'chunk_text': 'Development in the Cloud Foundry Environment Learn more about developing applications on the SAP BTP, Cloud Foundry environment. Overview SAP BTP, Cloud Foundry environment is an open Platform-as-a-Service (PaaS) targeted at microservice development and orchestration. Develop polyglot applications Build on open standards with SAP Java, Node.js, and Python buildpacks or bring your own language with community buildpacks for PHP, Ruby, Go. Manage the lifecycle of applications Start, stop, scale, and configure distributed cloud applications using standard Cloud Foundry tools, our web-based administration user interface for SAP BTP, and dev-ops capabilities. Optimize development and operations Use the rich set of SAP BTP services including messaging, persistence, and many other capabilities, such as built-in security, compliance, elastic scale, and high-availability setup. Use', 'retrieval_rank': 3}, {'document_id': 'DOC009', 'title': 'Managing Spaces', 'source_url': 'https://help.sap.com/docs/btp/sap-business-technology-platform/managing-spaces', 'chunk_text': 'visit this page in the cockpit: 1. Navigate to a subaccount of your choice. 2. Navigate to the *Cloud Foundry* > *Spaces* page. You find the following on this page: - A list of all spaces you have access to. - Details about each space tile, such as: - Number of started and stopped applications in a space - Name of the space quota if a space quota is assigned to the space, or *Org Quota* if the space is currently using the org quota To manage these settings, navigate to *Cloud Foundry* > *Space Quotas* > *Quota Assignments*. For more information, see Assign Space Quotas to Spaces and Edit Space Quotas. - Available resources such as memory and services', 'retrieval_rank': 4}, {'document_id': 'DOC022', 'title': 'Tools', 'source_url': 'https://help.sap.com/docs/btp/sap-business-technology-platform/tools', 'chunk_text': 'various SAP services and solutions. Used for: - SAP Fiori development for ABAP and non-ABAP - CAP full-stack application development SAP Build SAP Build enables everyone, no matter the skill level, to create and augment enterprise applications, process automations, and business sites with drag-and-drop simplicity. Used for low-code, no-code development. Command Line Interface for Cloud Foundry The Cloud Foundry command line interface enables you to work with the Cloud Foundry runtime to deploy and manage your applications. Used for managing subaccounts in the SAP BTP, Cloud Foundry runtime. SAP BTP Command Line Interface The SAP BTP command line interface (btp CLI) is the command line tool for convenient account management, such as managing global accounts, directories, subaccounts, entitlements, environment instances,', 'retrieval_rank': 5}]",1,GENERATED_ANSWER,"Based on the retrieved SAP documentation, the following resources address configuring and managing routes:

*   **Create Routes (DOC007)** explains how to configure URLs (routes) in a Cloud Foundry space so end users can reach your applications. It outlines the prerequisites (Space Developer or Space Supporter role), parameters, and steps to create a route in the cockpit. 
    *   *Source:* [DOC007: Create Routes](https://help.sap.com/docs/btp/sap-business-technology-platform/create-routes)
*   **Cloud Foundry Environment (DOC001)** points to the official Cloud Foundry documentation for more comprehensive platform-level details.
    *   *Source:* [DOC001: Cloud Foundry Environment](https://help.sap.com/docs/btp/sap-business-technology-platform/cloud-foundry-environment) (citing https://docs.cloudfoundry.org/)

*(Inference: While ""Create Routes"" in DOC007 outlines creating and configuring route URLs, the broader official Cloud Foundry documentation linked in DOC001 would be the place to find complete platform-level details on reserving and managing route addresses.)*",,11.10,8.95,3.16,3.12,26.33,4273.46,4374.51
RAGDEV008,Which roles documentation should I consult before assigning different Cloud Foundry permissions to organization administrators and space developers?,1,DOC010,SUPPORTED,Cloud Foundry role documentation describes organization and space roles and their permissions.,DOC010,0.8238,ACCEPT,DOC010;DOC007;DOC005;DOC009;DOC006,DOC010;DOC007;DOC005;DOC009;DOC006,"[{'document_id': 'DOC010', 'title': 'About Roles in the Cloud Foundry Environment', 'source_url': 'https://help.sap.com/docs/BTP/65de2977205c403bbc107264b8eccf4b/09076385086b4da3bd1808d5ef572862.html', 'chunk_text': 'About Roles in the Cloud Foundry Environment Roles determine which features users can view and access, and which actions they can initiate. Cloud Foundry includes predefined roles that are specific to the navigation level in the SAP BTP cockpit; for example, the roles at the level of the organization differ from the ones for the space. Each role comes with a set of permissions. Roles apply to all operations that are associated with the organization or the space, irrespective of the tool used (Eclipse-based tools, SAP BTP cockpit, and cf CLI). The following roles can be assigned to users in the Cloud Foundry environment on SAP BTP: Level Role Role Description Organization Org Manager Manages the organization. When you create', 'retrieval_rank': 1}, {'document_id': 'DOC007', 'title': 'Create Routes', 'source_url': 'https://help.sap.com/docs/btp/sap-business-technology-platform/create-routes', 'chunk_text': ""Create Routes You can configure the URLs through which end users can reach your applications. Prerequisites You must have the Space Developer or the Space Supporter role. Context Routes belong to a space but they’re globally unique, regardless of the organization that controls a space. If a route with a URL exists, you can’t create a route with the same URL. Procedure 1. Navigate to your Cloud Foundry space. 2. Choose *Routes* from the left hand-side navigation. 3. Choose *Create Route*. 4. In the dialog, enter the following parameters: Parameter Details Domain From the dropdown menu, you can choose either a shared domain (for example, the default cfapps.&lt;region&gt;.hana.ondemand.com ) or a private domain that you've previously created using the CF"", 'retrieval_rank': 2}, {'document_id': 'DOC005', 'title': 'Bind an Application to a Service', 'source_url': 'https://help.sap.com/docs/btp/sap-business-technology-platform/bind-application-to-service?locale=enUS', 'chunk_text': 'Bind an Application to a Service In the SAP BTP cockpit, you can bind applications in the Cloud Foundry environment to services by binding them to available service instances. If no service instances are available, you can create a new service instance and bind the application to it directly from the *Service Bindings* page at the application level. Service bindings are used for configuring and delivering access credentials to your applications. Prerequisites - You have the Space Developer or the Space Supporter role. For more information, see About Roles in the Cloud Foundry Environment. - You have deployed an application in the same space where you plan to create the service binding. For more information, see Deploy an Application. -', 'retrieval_rank': 3}, {'document_id': 'DOC009', 'title': 'Managing Spaces', 'source_url': 'https://help.sap.com/docs/btp/sap-business-technology-platform/managing-spaces', 'chunk_text': 'want your space to consume the entire org quota, you can use space quota instead. For more information, see Managing Space Quotas. Prerequisites If you want to see any spaces on the *Spaces* page in the cockpit, you must have either the Org Manager role or any one of the space roles. The Org Manager role gives you access to all spaces in an org. A space role gives you access to a specific space. For more information, see About Roles in the Cloud Foundry Environment. What Can You Find on the Spaces Page? To visit this page in the cockpit: 1. Navigate to a subaccount of your choice. 2. Navigate to the *Cloud Foundry* > *Spaces* page. You find', 'retrieval_rank': 4}, {'document_id': 'DOC006', 'title': 'Manage Environment Variables', 'source_url': 'https://help.sap.com/docs/btp/sap-business-technology-platform/manage-environment-variables?locale=enUS', 'chunk_text': 'space. 2. Choose the application whose environment variables you want to view. 3. Choose *Environment Variables*. Create User-Provided Variables Prerequisites - You must have at least one application deployed in your Cloud Foundry space. - You have the Space Developer or Space Supporter role. Procedure 1. In the SAP BTP cockpit, navigate to the *Applications* page in your Cloud Foundry space. 2. Choose the application for which you want to create a user-provided variable. 3. Choose *User-Provided Variables*. 4. Choose *Create Variable*. 5. Provide a *Key* and a *Value*. These values are case-sensitive. 6. Choose *Create*.', 'retrieval_rank': 5}]",1,PROVIDER_ERROR,,"429 RESOURCE_EXHAUSTED. {'error': {'code': 429, 'message': 'You exceeded your current quota, please check your plan and billing details. For more information on this error, head to: https://ai.google.dev/gemini-api/docs/rate-limits. To monitor your current usage, head to: https://ai.dev/rate-limit. \n* Quota exceeded for metric: generativelanguage.googleapis.com/generate_content_free_tier_requests, limit: 5, model: gemini-3.5-flash\nPlease retry in 22.19586746s.', 'status': 'RESOURCE_EXHAUSTED', 'details': [{'@type': 'type.googleapis.com/google.rpc.Help', 'links': [{'description': 'Learn more about Gemini API quotas', 'url': 'https://ai.google.dev/gemini-api/docs/rate-limits'}]}, {'@type': 'type.googleapis.com/google.rpc.QuotaFailure', 'violations': [{'quotaMetric': 'generativelanguage.googleapis.com/generate_content_free_tier_requests', 'quotaId': 'GenerateRequestsPerMinutePerProjectPerModel-FreeTier', 'quotaDimensions': {'location': 'global', 'model': 'gemini-3.5-flash'}, 'quotaValue': '5'}]}, {'@type': 'type.googleapis.com/google.rpc.RetryInfo', 'retryDelay': '22s'}]}}",11.84,9.73,3.67,3.07,28.31,188.00,281.00
RAGDEV009,"When troubleshooting, which SAP BTP documentation explains viewing recent output produced by Cloud Foundry application instances?",1,DOC011,SUPPORTED,Application logs documentation covers viewing output produced by Cloud Foundry application instances.,DOC011,0.8273,ACCEPT,DOC011;DOC001;DOC004;DOC003;DOC005,DOC011;DOC001;DOC004;DOC003;DOC005,"[{'document_id': 'DOC011', 'title': 'Using Application Logs', 'source_url': 'https://help.sap.com/docs/btp/sap-business-technology-platform/using-application-logs', 'chunk_text': 'Using Application Logs The *Logs* page at application level in the SAP BTP cockpit shows the application logs and logs generated by various Cloud Foundry components that relate to the application. You can use these logs to identify and troubleshoot application-specific problems. UI Reference UI Component Role Time Shows the timestamp at which the log is generated. Log Type Shows the type of the log according to Cloud Foundry. It can be either *STDOUT* or *STDERR*. Source Shows the Cloud Foundry component code and the instance number. For example, *[APP/1]* indicates that application instance 1 has generated the log. Message Allows you to view the log message in a message box. To open the message box, choose *More Details*.', 'retrieval_rank': 1}, {'document_id': 'DOC001', 'title': 'Cloud Foundry Environment', 'source_url': 'https://help.sap.com/docs/btp/sap-business-technology-platform/cloud-foundry-environment', 'chunk_text': 'Cloud Foundry Environment The Cloud Foundry environment allows you to create polyglot cloud applications in Cloud Foundry. It contains the SAP BTP, Cloud Foundry runtime service, which is based on the open-source application platform managed by the Cloud Foundry Foundation. The Cloud Foundry environment enables you to develop new business applications and business services, supporting multiple runtimes, programming languages, libraries, and services. You can leverage a multitude of buildpacks, including community innovations and self-developed buildpacks. It also integrates with SAP HANA extended application services, advanced model. For more information about Cloud Foundry, see the official Cloud Foundry documentation at https://docs.cloudfoundry.org/.', 'retrieval_rank': 2}, {'document_id': 'DOC004', 'title': 'Using Services in the Cloud Foundry Environment', 'source_url': 'https://help.sap.com/docs/BTP/65de2977205c403bbc107264b8eccf4b/f22029f0e7404448ab65f71ff5b0804d.html', 'chunk_text': 'Using Services in the Cloud Foundry Environment Learn more about using services in the Cloud Foundry environment, how to create (user-provided) service instances and bind them to applications, and how to create service keys. - About Services - Binding Service Instances to Applications - Creating Service Instances - Creating Service Keys - Creating User-Provided Service Instances - Deleting Service Instances - Updating Service Instances SAP Service Manager You can also access services for the Cloud Foundry environment through SAP Service Manager, the central registry for service brokers and platforms. It’s tightly integrated with SAP BTP and allows you to consume services in connected runtime environments and to manage platforms, service brokers, service instances, and service bindings. - For more information,', 'retrieval_rank': 3}, {'document_id': 'DOC003', 'title': 'Deploying to the Cloud Foundry Environment', 'source_url': 'https://help.sap.com/docs/btp/sap-business-technology-platform/deploying-to-cloud-foundry-environment', 'chunk_text': 'by adding frequent integration, automated testing, and faster delivery. For more information, see Continuous Integration and Delivery . Cloud Foundry Command Line Interface If you prefer to develop on your local machine, you can deploy your application from the folder on your computer directly to SAP BTP using the Cloud Foundry Command Line Interface (CF CLI). For more information, see Deploy Business Applications in the Cloud Foundry Environment. SAP BTP Cockpit You can also deploy your application with or without a manifest.yml file using the SAP BTP cockpit. For more information, see Deploy an Application. Docker Images If you want a higher degree of freedom when realizing your project, you can also deploy your applications and services using Docker images', 'retrieval_rank': 4}, {'document_id': 'DOC005', 'title': 'Bind an Application to a Service', 'source_url': 'https://help.sap.com/docs/btp/sap-business-technology-platform/bind-application-to-service?locale=enUS', 'chunk_text': 'Option 2: Create and Bind a New Service Instance 1. In the SAP BTP cockpit, navigate to the *Applications* page in your Cloud Foundry space. ### Note: Alternatively, you can create and bind service instances from the *Services* > *Instances and Subscriptions* page in the cockpit. For more information, see Service Instances and Binding Service Instances to Cloud Foundry Applications. 2. Choose the application for which you want to create a service binding. 3. Choose *Service Bindings*. 4. Choose *Bind Service Instance*. This action starts the *Bind Service Instance* wizard. 5. Choose *Create Service Instance*. 6. Select a *Service* and a *Plan*, and provide an *Instance Name*. Then, choose *Next Step*. 7. (Optional) Provide JSON parameters either manually or by', 'retrieval_rank': 5}]",1,PROVIDER_ERROR,,"429 RESOURCE_EXHAUSTED. {'error': {'code': 429, 'message': 'You exceeded your current quota, please check your plan and billing details. For more information on this error, head to: https://ai.google.dev/gemini-api/docs/rate-limits. To monitor your current usage, head to: https://ai.dev/rate-limit. \n* Quota exceeded for metric: generativelanguage.googleapis.com/generate_content_free_tier_requests, limit: 5, model: gemini-3.5-flash\nPlease retry in 21.914946411s.', 'status': 'RESOURCE_EXHAUSTED', 'details': [{'@type': 'type.googleapis.com/google.rpc.Help', 'links': [{'description': 'Learn more about Gemini API quotas', 'url': 'https://ai.google.dev/gemini-api/docs/rate-limits'}]}, {'@type': 'type.googleapis.com/google.rpc.QuotaFailure', 'violations': [{'quotaMetric': 'generativelanguage.googleapis.com/generate_content_free_tier_requests', 'quotaId': 'GenerateRequestsPerMinutePerProjectPerModel-FreeTier', 'quotaDimensions': {'location': 'global', 'model': 'gemini-3.5-flash'}, 'quotaValue': '5'}]}, {'@type': 'type.googleapis.com/google.rpc.RetryInfo', 'retryDelay': '21s'}]}}",13.04,9.66,7.93,0.69,31.32,188.04,280.07
RAGDEV010,Which record type documents Cloud Foundry application lifecycle changes such as restaging or crashes?,1,DOC012,SUPPORTED,Application events document lifecycle changes for Cloud Foundry applications.,DOC001,0.7443,ABSTAIN,DOC002;DOC016;DOC011;DOC012;DOC001,,[],0,PIPELINE_ABSTAIN,,,27.83,10.14,3.95,1.45,43.38,0.00,108.85
RAGDEV011,What credential artifact should I use when a service instance must be accessed without binding it to a running application?,1,DOC013,SUPPORTED,Service keys provide credentials for a service instance without binding it to an application.,DOC013,0.7669,ACCEPT,DOC013;DOC005;DOC016;DOC004;DOC012,DOC013;DOC005;DOC016;DOC004;DOC012,"[{'document_id': 'DOC013', 'title': 'Service Keys', 'source_url': 'https://help.sap.com/docs/btp/sap-business-technology-platform/service-keys?locale=en-us', 'chunk_text': 'Service Keys The consumption of existing service keys from applications is an alternative of service bindings. The application can use the service key credentials and consume the service. Creation and Update of Service Keys A service-keys parameter can be created or updated when a service instance is being created or updated. It has to be defined under the resources that represent services which support service keys. ### Sample Code: resources: - name: my-service-instance type: org.cloudfoundry.managed-service parameters: service-keys: # Specifies the service keys that should be created for the respective service instance. Optional parameter. - name: tool-access-key # Specified the service key name. Mandatory element. config: # Specified the service key configuration. All entries under this map element are used for', 'retrieval_rank': 1}, {'document_id': 'DOC005', 'title': 'Bind an Application to a Service', 'source_url': 'https://help.sap.com/docs/btp/sap-business-technology-platform/bind-application-to-service?locale=enUS', 'chunk_text': ""looking for a specific service instance in the table and it isn't there, it might already be bound to your application or it may no longer exist. To summarize, you use the wizard to either: - Find the service instance you need in the table with unbound service instances and bind it. - Create a new service instance and then bind it. Here is a detailed description of both procedures: Option 1: Bind an Existing Service Instance 1. In the SAP BTP cockpit, navigate to the *Applications* page in your Cloud Foundry space. 2. Choose the application for which you want to create a service binding. 3. Choose *Service Bindings*. 4. Choose *Bind Service Instance*. This action starts the *Bind"", 'retrieval_rank': 2}, {'document_id': 'DOC016', 'title': 'Application Routes and Destinations', 'source_url': 'https://help.sap.com/docs/btp/sap-business-technology-platform/application-routes-and-destinations', 'chunk_text': '""name"":""backend"" must match the value of the destinations property configured for a route in the corresponding application-router configuration file (xs-app.json). It’s also possible to define a logout path and method for the destinations property in the xs-app.json file. Destination Service Destination configuration can be provided by destination service. The destination service can be consumed by the application router after binding a destination service instance to it. The following guidelines apply to the configuration of the mandatory properties of a destination: Mandatory Properties of a Destination Property Description Type Only HTTP is supported. Authentication All authentication types are supported. ### Note: - When using basic authentication, User and Password are mandatory. - When using principal propagation, the proxy type is on-premise.', 'retrieval_rank': 3}, {'document_id': 'DOC004', 'title': 'Using Services in the Cloud Foundry Environment', 'source_url': 'https://help.sap.com/docs/BTP/65de2977205c403bbc107264b8eccf4b/f22029f0e7404448ab65f71ff5b0804d.html', 'chunk_text': 'Using Services in the Cloud Foundry Environment Learn more about using services in the Cloud Foundry environment, how to create (user-provided) service instances and bind them to applications, and how to create service keys. - About Services - Binding Service Instances to Applications - Creating Service Instances - Creating Service Keys - Creating User-Provided Service Instances - Deleting Service Instances - Updating Service Instances SAP Service Manager You can also access services for the Cloud Foundry environment through SAP Service Manager, the central registry for service brokers and platforms. It’s tightly integrated with SAP BTP and allows you to consume services in connected runtime environments and to manage platforms, service brokers, service instances, and service bindings. - For more information,', 'retrieval_rank': 4}, {'document_id': 'DOC012', 'title': 'Using Application Events', 'source_url': 'https://help.sap.com/docs/btp/sap-business-technology-platform/using-application-events', 'chunk_text': 'Using Application Events The *Application Events* page at application level in the SAP BTP cockpit shows the order in which actions are performed on an application. You can use these events to debug your application and analyze its state. UI Reference UI Component Role Time Shows the timestamp at which an event is created and logged. Event Shows the type of the event. The application events use the audit.app.* naming pattern. For more information, see https://docs.cloudfoundry.org/running/managing-cf/audit-events.html#app-lifecycle. Actor Shows who triggered the event. It can be either you or Cloud Foundry. Target Shows where the event was triggered. Provides the name of the application. Description Provides technical details about the event.', 'retrieval_rank': 5}]",1,PROVIDER_ERROR,,"429 RESOURCE_EXHAUSTED. {'error': {'code': 429, 'message': 'You exceeded your current quota, please check your plan and billing details. For more information on this error, head to: https://ai.google.dev/gemini-api/docs/rate-limits. To monitor your current usage, head to: https://ai.dev/rate-limit. \n* Quota exceeded for metric: generativelanguage.googleapis.com/generate_content_free_tier_requests, limit: 5, model: gemini-3.5-flash\nPlease retry in 21.506237102s.', 'status': 'RESOURCE_EXHAUSTED', 'details': [{'@type': 'type.googleapis.com/google.rpc.Help', 'links': [{'description': 'Learn more about Gemini API quotas', 'url': 'https://ai.google.dev/gemini-api/docs/rate-limits'}]}, {'@type': 'type.googleapis.com/google.rpc.QuotaFailure', 'violations': [{'quotaMetric': 'generativelanguage.googleapis.com/generate_content_free_tier_requests', 'quotaId': 'GenerateRequestsPerMinutePerProjectPerModel-FreeTier', 'quotaDimensions': {'model': 'gemini-3.5-flash', 'location': 'global'}, 'quotaValue': '5'}]}, {'@type': 'type.googleapis.com/google.rpc.RetryInfo', 'retryDelay': '21s'}]}}",36.36,9.06,3.79,0.74,49.96,176.79,303.33
RAGDEV012,Which Cloud Foundry administration documentation covers limits that can be assigned to a space for resource consumption?,1,DOC014,SUPPORTED,Space quota documentation covers quota plans that limit resource consumption for Cloud Foundry spaces.,DOC009,0.8282,ACCEPT,DOC014;DOC009;DOC020;DOC001;DOC019,DOC014;DOC009;DOC020;DOC001;DOC019,"[{'document_id': 'DOC014', 'title': 'Managing Space Quotas', 'source_url': 'https://help.sap.com/docs/btp/sap-business-technology-platform/managing-space-quota-plans?source=redirect', 'chunk_text': 'Managing Space Quotas Learn what a space quota is, what type of information you will find on the *Space Quotas* page in the SAP BTP cockpit, and what you can do with a space quota in the Cloud Foundry environment. What Is a Space Quota? A space quota defines the upper consumption limit for all resources in a space, such as: - Space memory - Route - Service instances - Memory per instance - Application instances ### Note: Assigning a space quota to a space is optional. A space without an assigned space quota shares the consumption limits defined in the org quota with all the other spaces part of the org. When working with space quotas, keep in mind', 'retrieval_rank': 1}, {'document_id': 'DOC009', 'title': 'Managing Spaces', 'source_url': 'https://help.sap.com/docs/btp/sap-business-technology-platform/managing-spaces', 'chunk_text': 'visit this page in the cockpit: 1. Navigate to a subaccount of your choice. 2. Navigate to the *Cloud Foundry* > *Spaces* page. You find the following on this page: - A list of all spaces you have access to. - Details about each space tile, such as: - Number of started and stopped applications in a space - Name of the space quota if a space quota is assigned to the space, or *Org Quota* if the space is currently using the org quota To manage these settings, navigate to *Cloud Foundry* > *Space Quotas* > *Quota Assignments*. For more information, see Assign Space Quotas to Spaces and Edit Space Quotas. - Available resources such as memory and services', 'retrieval_rank': 2}, {'document_id': 'DOC020', 'title': 'Entitlements and Quotas', 'source_url': 'https://help.sap.com/docs/btp/sap-business-technology-platform/entitlements-and-quotas', 'chunk_text': 'space quota plans, all spaces in a subaccount using the Cloud Foundry environment have access to all entitlements and quotas in that subaccount. This means that one space could use up all the quota in a subaccount. If you want to prevent that from happening and set a limit to how much each space can use from the total quota available in the subaccount, you can use quota plans and assign them to spaces. For more information on space quota plans in the Cloud Foundry environment, see: - https://docs.cloudfoundry.org/adminguide/quota-plans.html - Managing Space Quotas Resource Providers SAP BTP allows you to connect your global account in the SAP BTP Cockpit to your provider account from a non-SAP cloud vendor, and consume', 'retrieval_rank': 3}, {'document_id': 'DOC001', 'title': 'Cloud Foundry Environment', 'source_url': 'https://help.sap.com/docs/btp/sap-business-technology-platform/cloud-foundry-environment', 'chunk_text': 'Cloud Foundry Environment The Cloud Foundry environment allows you to create polyglot cloud applications in Cloud Foundry. It contains the SAP BTP, Cloud Foundry runtime service, which is based on the open-source application platform managed by the Cloud Foundry Foundation. The Cloud Foundry environment enables you to develop new business applications and business services, supporting multiple runtimes, programming languages, libraries, and services. You can leverage a multitude of buildpacks, including community innovations and self-developed buildpacks. It also integrates with SAP HANA extended application services, advanced model. For more information about Cloud Foundry, see the official Cloud Foundry documentation at https://docs.cloudfoundry.org/.', 'retrieval_rank': 4}, {'document_id': 'DOC019', 'title': 'Account Model', 'source_url': 'https://help.sap.com/docs/btp/sap-business-technology-platform/account-model', 'chunk_text': 'names). You can create spaces within that Cloud Foundry org. Spaces let you further break down your account model and use services and functions in the Cloud Foundry environment. For more information about Cloud Foundry orgs and spaces, see the Cloud Foundry documentation at https://docs.cloudfoundry.org/concepts/roles.html. - When you enable the Kyma environment in one of your subaccounts, you can provision one or more Kubernetes clusters equipped with the latest version of the open-source project ""Kyma"". The subaccount and the Kyma cluster have a 1:n relationship - you can choose to create more than one cluster right away, or add clusters later. Within each Kyma cluster, you can create namespaces to organize your workloads and control access to resources. Namespaces let', 'retrieval_rank': 5}]",1,PROVIDER_ERROR,,"429 RESOURCE_EXHAUSTED. {'error': {'code': 429, 'message': 'You exceeded your current quota, please check your plan and billing details. For more information on this error, head to: https://ai.google.dev/gemini-api/docs/rate-limits. To monitor your current usage, head to: https://ai.dev/rate-limit. \n* Quota exceeded for metric: generativelanguage.googleapis.com/generate_content_free_tier_requests, limit: 5, model: gemini-3.5-flash\nPlease retry in 21.169281818s.', 'status': 'RESOURCE_EXHAUSTED', 'details': [{'@type': 'type.googleapis.com/google.rpc.Help', 'links': [{'description': 'Learn more about Gemini API quotas', 'url': 'https://ai.google.dev/gemini-api/docs/rate-limits'}]}, {'@type': 'type.googleapis.com/google.rpc.QuotaFailure', 'violations': [{'quotaMetric': 'generativelanguage.googleapis.com/generate_content_free_tier_requests', 'quotaId': 'GenerateRequestsPerMinutePerProjectPerModel-FreeTier', 'quotaDimensions': {'location': 'global', 'model': 'gemini-3.5-flash'}, 'quotaValue': '5'}]}, {'@type': 'type.googleapis.com/google.rpc.RetryInfo', 'retryDelay': '21s'}]}}",22.27,9.88,4.62,0.88,37.65,227.01,339.06
RAGDEV013,Which SAP BTP Cloud Foundry feature defines network traffic rules for application containers?,1,DOC015,SUPPORTED,Security groups define network traffic rules for Cloud Foundry application containers.,DOC002,0.8356,ACCEPT,DOC001;DOC015;DOC003;DOC016;DOC022,DOC001;DOC015;DOC003;DOC016;DOC022,"[{'document_id': 'DOC001', 'title': 'Cloud Foundry Environment', 'source_url': 'https://help.sap.com/docs/btp/sap-business-technology-platform/cloud-foundry-environment', 'chunk_text': 'Cloud Foundry Environment The Cloud Foundry environment allows you to create polyglot cloud applications in Cloud Foundry. It contains the SAP BTP, Cloud Foundry runtime service, which is based on the open-source application platform managed by the Cloud Foundry Foundation. The Cloud Foundry environment enables you to develop new business applications and business services, supporting multiple runtimes, programming languages, libraries, and services. You can leverage a multitude of buildpacks, including community innovations and self-developed buildpacks. It also integrates with SAP HANA extended application services, advanced model. For more information about Cloud Foundry, see the official Cloud Foundry documentation at https://docs.cloudfoundry.org/.', 'retrieval_rank': 1}, {'document_id': 'DOC015', 'title': 'Security Groups', 'source_url': 'https://help.sap.com/docs/btp/sap-business-technology-platform/security-groups', 'chunk_text': 'Security Groups In the SAP BTP, Cloud Foundry environment, application security groups represent a collection of rules that specify the protocols, ports, and IP address ranges where an application or a task instance sends traffic. You can access this information in the SAP BTP cockpit. Overview In the SAP BTP, Cloud Foundry environment, the security groups are space-scoped and dynamic. They are also split into: - Default security groups: - dns - public_networks For more information, see https://docs.cloudfoundry.org/concepts/asg.html. How to Find the Security Groups Page? 1. In the SAP BTP cockpit, navigate to your subaccount. For more information, see Navigate in the Cockpit. 2. In the navigation menu, choose *Cloud Foundry* > *Spaces*. 3. Go to one of your spaces.', 'retrieval_rank': 2}, {'document_id': 'DOC003', 'title': 'Deploying to the Cloud Foundry Environment', 'source_url': 'https://help.sap.com/docs/btp/sap-business-technology-platform/deploying-to-cloud-foundry-environment', 'chunk_text': 'by adding frequent integration, automated testing, and faster delivery. For more information, see Continuous Integration and Delivery . Cloud Foundry Command Line Interface If you prefer to develop on your local machine, you can deploy your application from the folder on your computer directly to SAP BTP using the Cloud Foundry Command Line Interface (CF CLI). For more information, see Deploy Business Applications in the Cloud Foundry Environment. SAP BTP Cockpit You can also deploy your application with or without a manifest.yml file using the SAP BTP cockpit. For more information, see Deploy an Application. Docker Images If you want a higher degree of freedom when realizing your project, you can also deploy your applications and services using Docker images', 'retrieval_rank': 3}, {'document_id': 'DOC016', 'title': 'Application Routes and Destinations', 'source_url': 'https://help.sap.com/docs/btp/sap-business-technology-platform/application-routes-and-destinations', 'chunk_text': 'entire subaccount. Connectivity Application Router supports integration with the SAP Connectivity service. The Connectivity service handles proxy access to the Cloud Connector, which tunnels connections to private network systems. In order to use connectivity, a connectivity service instance must be created and bound to the Application Router application. In addition, the relevant destination configurations must contain proxyType=OnPremise and a valid XSUAA login token must be obtained from the login flow. Configure the IASDependencyName Property to Enable App-to-App Navigation You can enable an application to consume the APIs of another application. For more information, see: Configure Integration Between Applications and Consume APIs from Other Applications To enable the technical communication between the applications, the application router must exchange the Identity Authentication', 'retrieval_rank': 4}, {'document_id': 'DOC022', 'title': 'Tools', 'source_url': 'https://help.sap.com/docs/btp/sap-business-technology-platform/tools', 'chunk_text': 'various SAP services and solutions. Used for: - SAP Fiori development for ABAP and non-ABAP - CAP full-stack application development SAP Build SAP Build enables everyone, no matter the skill level, to create and augment enterprise applications, process automations, and business sites with drag-and-drop simplicity. Used for low-code, no-code development. Command Line Interface for Cloud Foundry The Cloud Foundry command line interface enables you to work with the Cloud Foundry runtime to deploy and manage your applications. Used for managing subaccounts in the SAP BTP, Cloud Foundry runtime. SAP BTP Command Line Interface The SAP BTP command line interface (btp CLI) is the command line tool for convenient account management, such as managing global accounts, directories, subaccounts, entitlements, environment instances,', 'retrieval_rank': 5}]",1,PROVIDER_ERROR,,"429 RESOURCE_EXHAUSTED. {'error': {'code': 429, 'message': 'You exceeded your current quota, please check your plan and billing details. For more information on this error, head to: https://ai.google.dev/gemini-api/docs/rate-limits. To monitor your current usage, head to: https://ai.dev/rate-limit. \n* Quota exceeded for metric: generativelanguage.googleapis.com/generate_content_free_tier_requests, limit: 5, model: gemini-3.5-flash\nPlease retry in 20.858737148s.', 'status': 'RESOURCE_EXHAUSTED', 'details': [{'@type': 'type.googleapis.com/google.rpc.Help', 'links': [{'description': 'Learn more about Gemini API quotas', 'url': 'https://ai.google.dev/gemini-api/docs/rate-limits'}]}, {'@type': 'type.googleapis.com/google.rpc.QuotaFailure', 'violations': [{'quotaMetric': 'generativelanguage.googleapis.com/generate_content_free_tier_requests', 'quotaId': 'GenerateRequestsPerMinutePerProjectPerModel-FreeTier', 'quotaDimensions': {'location': 'global', 'model': 'gemini-3.5-flash'}, 'quotaValue': '5'}]}, {'@type': 'type.googleapis.com/google.rpc.RetryInfo', 'retryDelay': '20s'}]}}",20.91,10.37,6.50,0.61,38.39,196.08,305.14
RAGDEV014,Which topic explains how application routes can work together with destination configuration for backend access?,1,DOC016,SUPPORTED,Application routes and destinations documentation explains how routes and destinations relate for application access to backends.,DOC016,0.8057,ACCEPT,DOC016;DOC007;DOC015;DOC004;DOC013,DOC016;DOC007;DOC015;DOC004;DOC013,"[{'document_id': 'DOC016', 'title': 'Application Routes and Destinations', 'source_url': 'https://help.sap.com/docs/btp/sap-business-technology-platform/application-routes-and-destinations', 'chunk_text': '""name"":""backend"" must match the value of the destinations property configured for a route in the corresponding application-router configuration file (xs-app.json). It’s also possible to define a logout path and method for the destinations property in the xs-app.json file. Destination Service Destination configuration can be provided by destination service. The destination service can be consumed by the application router after binding a destination service instance to it. The following guidelines apply to the configuration of the mandatory properties of a destination: Mandatory Properties of a Destination Property Description Type Only HTTP is supported. Authentication All authentication types are supported. ### Note: - When using basic authentication, User and Password are mandatory. - When using principal propagation, the proxy type is on-premise.', 'retrieval_rank': 1}, {'document_id': 'DOC007', 'title': 'Create Routes', 'source_url': 'https://help.sap.com/docs/btp/sap-business-technology-platform/create-routes', 'chunk_text': ""Create Routes You can configure the URLs through which end users can reach your applications. Prerequisites You must have the Space Developer or the Space Supporter role. Context Routes belong to a space but they’re globally unique, regardless of the organization that controls a space. If a route with a URL exists, you can’t create a route with the same URL. Procedure 1. Navigate to your Cloud Foundry space. 2. Choose *Routes* from the left hand-side navigation. 3. Choose *Create Route*. 4. In the dialog, enter the following parameters: Parameter Details Domain From the dropdown menu, you can choose either a shared domain (for example, the default cfapps.&lt;region&gt;.hana.ondemand.com ) or a private domain that you've previously created using the CF"", 'retrieval_rank': 2}, {'document_id': 'DOC015', 'title': 'Security Groups', 'source_url': 'https://help.sap.com/docs/btp/sap-business-technology-platform/security-groups', 'chunk_text': 'For more information, see Navigate in the Cockpit. 2. In the navigation menu, choose *Cloud Foundry* > *Spaces*. 3. Go to one of your spaces. 4. In the navigation menu, choose *Security Groups*. What Can You Do on the Security Groups Page? The security groups manage the outgoing traffic of your application by allowing access to the network based on a list of specific protocols, ports, and IP address ranges. You have read-only access to them. If your application is trying to access an endpoint not specified by the security group, the access is denied. On the *Security Groups* page in the cockpit, you can check the information in the *Rules* table to verify that the application is using the', 'retrieval_rank': 3}, {'document_id': 'DOC004', 'title': 'Using Services in the Cloud Foundry Environment', 'source_url': 'https://help.sap.com/docs/BTP/65de2977205c403bbc107264b8eccf4b/f22029f0e7404448ab65f71ff5b0804d.html', 'chunk_text': 'Using Services in the Cloud Foundry Environment Learn more about using services in the Cloud Foundry environment, how to create (user-provided) service instances and bind them to applications, and how to create service keys. - About Services - Binding Service Instances to Applications - Creating Service Instances - Creating Service Keys - Creating User-Provided Service Instances - Deleting Service Instances - Updating Service Instances SAP Service Manager You can also access services for the Cloud Foundry environment through SAP Service Manager, the central registry for service brokers and platforms. It’s tightly integrated with SAP BTP and allows you to consume services in connected runtime environments and to manage platforms, service brokers, service instances, and service bindings. - For more information,', 'retrieval_rank': 4}, {'document_id': 'DOC013', 'title': 'Service Keys', 'source_url': 'https://help.sap.com/docs/btp/sap-business-technology-platform/service-keys?locale=en-us', 'chunk_text': 'by using a configuration in the requires section, which results in an injection of the service key credentials in the application environment. ### Sample Code: modules: - name: app123 type: javascript.nodejs requires: - name: service-key-1 parameters: env-var-name: keycredentials ... resources: - name: service-key-1 type: org.cloudfoundry.existing-service-key parameters: service-name: service-a service-key-name: test-key-1 As a result, the application app123 has the environment variable keycredentials, with value the credentials of the existing service key test-key-1 of service service-a. ### Note: Note that only the parameter service-name is mandatory. It defines which service is used by the application. The following parameters are optional: - service-key-name- resource parameter, which defines which service key of the defined service is used. The default value is the name of', 'retrieval_rank': 5}]",1,PROVIDER_ERROR,,"429 RESOURCE_EXHAUSTED. {'error': {'code': 429, 'message': 'You exceeded your current quota, please check your plan and billing details. For more information on this error, head to: https://ai.google.dev/gemini-api/docs/rate-limits. To monitor your current usage, head to: https://ai.dev/rate-limit. \n* Quota exceeded for metric: generativelanguage.googleapis.com/generate_content_free_tier_requests, limit: 5, model: gemini-3.5-flash\nPlease retry in 20.54001839s.', 'status': 'RESOURCE_EXHAUSTED', 'details': [{'@type': 'type.googleapis.com/google.rpc.Help', 'links': [{'description': 'Learn more about Gemini API quotas', 'url': 'https://ai.google.dev/gemini-api/docs/rate-limits'}]}, {'@type': 'type.googleapis.com/google.rpc.QuotaFailure', 'violations': [{'quotaMetric': 'generativelanguage.googleapis.com/generate_content_free_tier_requests', 'quotaId': 'GenerateRequestsPerMinutePerProjectPerModel-FreeTier', 'quotaDimensions': {'location': 'global', 'model': 'gemini-3.5-flash'}, 'quotaValue': '5'}]}, {'@type': 'type.googleapis.com/google.rpc.RetryInfo', 'retryDelay': '20s'}]}}",29.22,9.99,3.11,0.76,43.08,179.44,317.34
RAGDEV015,Which SAP BTP overview describes the platform as a basis for extension and integration across SAP landscapes?,1,DOC017,SUPPORTED,SAP BTP is described as a platform for extending and integrating SAP solutions and building business applications.,DOC017,0.8339,ACCEPT,DOC017;DOC018;DOC020;DOC002;DOC003,DOC017;DOC018;DOC020;DOC002;DOC003,"[{'document_id': 'DOC017', 'title': 'SAP Business Technology Platform', 'source_url': 'https://help.sap.com/docs/btp/sap-business-technology-platform/sap-business-technology-platform', 'chunk_text': 'SAP Business Technology Platform SAP Business Technology Platform (SAP BTP) is an offering that integrates the following technology portfolios: application development; process automation; integration; data, analytics, and enterprise planning; artificial intelligence. The platform allows users to turn data into business value, compose end-to-end business processes, connect entire IT landscapes, and personalize, build, and extend SAP applications. This reduces the overall total cost of ownership by maintaining SAP landscapes and third-party software across end-to-end business processes. SAP BTP in the Intelligent Enterprise Companies need access to live data to make informed decisions in real time. They also need to apply advanced technologies and best practices within agile, integrated business processes. That’s why a key part of SAP’s strategy is integrating end-to-end', 'retrieval_rank': 1}, {'document_id': 'DOC018', 'title': 'Basic Platform Concepts', 'source_url': 'https://help.sap.com/docs/BTP/df50977d8bfa4c9a8a063ddb37113c43/38ecf59cdda64150a102cfaa62d5faab.html', 'chunk_text': 'Basic Platform Concepts SAP BTP offers users the ability to turn data into business value, compose end-to-end business processes, and build and extend SAP applications quickly. SAP Business Technology Platform is built on a multi-cloud foundation, which lets you choose from different infrastructures and runtimes. The services and solutions of SAP BTP are available on multiple cloud infrastructure providers, and it supports different runtimes, such as Cloud Foundry, ABAP, and Kyma, as well as multiple regions, and a broad choice of programming languages. The central point of entry to the platform is the SAP BTP cockpit, where you can access your accounts and applications and manage all activities associated with them. Relationship between SAP BTP Accounts and Associated Activities Solutions', 'retrieval_rank': 2}, {'document_id': 'DOC020', 'title': 'Entitlements and Quotas', 'source_url': 'https://help.sap.com/docs/btp/sap-business-technology-platform/entitlements-and-quotas', 'chunk_text': 'SAP BTP allows you to connect your global account in the SAP BTP Cockpit to your provider account from a non-SAP cloud vendor, and consume remote service resources that you already own and which are supported by SAP through this channel. For example, if you’re subscribed to Amazon Web Services (AWS) and have already purchased services, such as PostgreSQL, you can register the vendor as a resource provider in SAP BTP and consume this service across your subaccounts together with other services offered by SAP. SAP BTP currently supports the following vendors and their consumable services: Cloud Vendor Supported Services Amazon Web Services Amazon Relational Database Service (RDS) - PostgreSQL Microsoft Azure Azure Database for PostgreSQL. After you configure a', 'retrieval_rank': 3}, {'document_id': 'DOC002', 'title': 'Development in the Cloud Foundry Environment', 'source_url': 'https://help.sap.com/docs/btp/sap-business-technology-platform/development-in-cloud-foundry-environment', 'chunk_text': 'Development in the Cloud Foundry Environment Learn more about developing applications on the SAP BTP, Cloud Foundry environment. Overview SAP BTP, Cloud Foundry environment is an open Platform-as-a-Service (PaaS) targeted at microservice development and orchestration. Develop polyglot applications Build on open standards with SAP Java, Node.js, and Python buildpacks or bring your own language with community buildpacks for PHP, Ruby, Go. Manage the lifecycle of applications Start, stop, scale, and configure distributed cloud applications using standard Cloud Foundry tools, our web-based administration user interface for SAP BTP, and dev-ops capabilities. Optimize development and operations Use the rich set of SAP BTP services including messaging, persistence, and many other capabilities, such as built-in security, compliance, elastic scale, and high-availability setup. Use', 'retrieval_rank': 4}, {'document_id': 'DOC003', 'title': 'Deploying to the Cloud Foundry Environment', 'source_url': 'https://help.sap.com/docs/btp/sap-business-technology-platform/deploying-to-cloud-foundry-environment', 'chunk_text': ""Deploying to the Cloud Foundry Environment Get an overview of available deployment options. When deploying applications and services to the cloud, you can choose from a number of different approaches and tools, depending on your development setup. Multitarget Applications If you've decided to develop your application or service with the multitarget approach, you can deploy it to SAP BTP using a single .mtar archive file. For more information, see Multitarget Applications in the Cloud Foundry Environment. Continuous Integration and Delivery Continuous Integration and Delivery (CI/CD) are two interrelated concepts that can enhance your development process by adding frequent integration, automated testing, and faster delivery. For more information, see Continuous Integration and Delivery . Cloud Foundry Command Line Interface If you"", 'retrieval_rank': 5}]",1,PROVIDER_ERROR,,"429 RESOURCE_EXHAUSTED. {'error': {'code': 429, 'message': 'You exceeded your current quota, please check your plan and billing details. For more information on this error, head to: https://ai.google.dev/gemini-api/docs/rate-limits. To monitor your current usage, head to: https://ai.dev/rate-limit. \n* Quota exceeded for metric: generativelanguage.googleapis.com/generate_content_free_tier_requests, limit: 5, model: gemini-3.5-flash\nPlease retry in 20.199717596s.', 'status': 'RESOURCE_EXHAUSTED', 'details': [{'@type': 'type.googleapis.com/google.rpc.Help', 'links': [{'description': 'Learn more about Gemini API quotas', 'url': 'https://ai.google.dev/gemini-api/docs/rate-limits'}]}, {'@type': 'type.googleapis.com/google.rpc.QuotaFailure', 'violations': [{'quotaMetric': 'generativelanguage.googleapis.com/generate_content_free_tier_requests', 'quotaId': 'GenerateRequestsPerMinutePerProjectPerModel-FreeTier', 'quotaDimensions': {'location': 'global', 'model': 'gemini-3.5-flash'}, 'quotaValue': '5'}]}, {'@type': 'type.googleapis.com/google.rpc.RetryInfo', 'retryDelay': '20s'}]}}",39.32,10.03,14.21,0.81,64.36,217.07,346.08
RAGDEV016,"Where should I look for SAP BTP terminology that defines environments, regions, accounts, entitlements, and quotas before reading service-specific guides?",1,DOC018,SUPPORTED,"Basic platform concepts introduce terminology such as environments, regions, accounts, entitlements, and quotas.",DOC017,0.8244,ACCEPT,DOC018;DOC020;DOC022;DOC019;DOC024,DOC018;DOC020;DOC022;DOC019;DOC024,"[{'document_id': 'DOC018', 'title': 'Basic Platform Concepts', 'source_url': 'https://help.sap.com/docs/BTP/df50977d8bfa4c9a8a063ddb37113c43/38ecf59cdda64150a102cfaa62d5faab.html', 'chunk_text': 'technical and business needs. - In subaccounts, you deploy applications, use services, and manage your subscriptions. You can use them to manage members, authorizations, and entitlements. In the SAP BTP, Cloud Foundry environment, the subaccount is divided into one or more spaces, which is where application development, deployment, and maintenance take place. For more information, see Account Model. Entitlements and Quotas When you purchase an enterprise account, you’re entitled to use a specific set of resources, such as the amount of memory that can be allocated to your applications. - On SAP BTP, all external dependencies such as databases, messaging systems, files systems, and so on, are services. In this context, multitenant applications and environments are considered services. Each service', 'retrieval_rank': 1}, {'document_id': 'DOC020', 'title': 'Entitlements and Quotas', 'source_url': 'https://help.sap.com/docs/btp/sap-business-technology-platform/entitlements-and-quotas', 'chunk_text': 'Entitlements and Quotas When you purchase an enterprise account, you’re entitled to use a specific set of resources, such as the amount of memory that can be allocated to your applications. Services and Service Plans On SAP BTP, all external dependencies such as databases, messaging systems, files systems, and so on, are services. In this context, multitenant applications and environments are considered services. Each service has one or more service plans available. A service plan is the representation of the costs and benefits for a given variant of a particular service. For instance, a database may be configured with various ""T-shirt sizes"", each of which is a different service plan. Entitlements An entitlement is your right to provision and consume', 'retrieval_rank': 2}, {'document_id': 'DOC022', 'title': 'Tools', 'source_url': 'https://help.sap.com/docs/btp/sap-business-technology-platform/tools', 'chunk_text': 'destinations, and so on. Used for programming in Java in the SAP BTP, Cloud Foundry runtime. Service-Specific Tools The services that run on SAP BTP can come with service-specific tools. For an overview of the services and their tools, see the SAP Discovery Center.', 'retrieval_rank': 3}, {'document_id': 'DOC019', 'title': 'Account Model', 'source_url': 'https://help.sap.com/docs/btp/sap-business-technology-platform/account-model', 'chunk_text': ""each other. This is important to consider with respect to security, member management, data management, data migration, integration, and so on, when you plan your landscape and overall architecture. Each subaccount is associated with a region, which is the physical location where applications, data, or services are hosted. The specific region is relevant when you deploy applications and access the SAP BTP cockpit using the corresponding cockpit URL. The region assigned to your subaccount doesn't have to be directly related to your location. You could be located in the United States, for example, but operate your subaccount in Europe. The entitlements and quotas that have been purchased for a global account have to be assigned to the individual subaccounts. Global"", 'retrieval_rank': 4}, {'document_id': 'DOC024', 'title': 'Getting Started', 'source_url': 'https://help.sap.com/docs/btp/sap-business-technology-platform/btp-getting-started', 'chunk_text': ""Getting Started Once you're familiar with the basic concepts of SAP BTP, you can start your first workflows or check out further resources that help you get started quickly. Onboarding Guides The SAP BTP Administrator's Guide helps you plan your development projects on SAP BTP from onboarding to SAP Cloud Identity Services, through setting up the correct organizational structure, to creating an account and security model, to developing and operating applications. The SAP BTP Developer’s Guide helps you define the correct methodologies and tools for your development project. Getting Started Workflows Learn how to get a global account and get started with a trial or an enterprise account on SAP BTP. A trial account lets you try out SAP BTP"", 'retrieval_rank': 5}]",1,PROVIDER_ERROR,,"429 RESOURCE_EXHAUSTED. {'error': {'code': 429, 'message': 'You exceeded your current quota, please check your plan and billing details. For more information on this error, head to: https://ai.google.dev/gemini-api/docs/rate-limits. To monitor your current usage, head to: https://ai.dev/rate-limit. \n* Quota exceeded for metric: generativelanguage.googleapis.com/generate_content_free_tier_requests, limit: 5, model: gemini-3.5-flash\nPlease retry in 19.869614251s.', 'status': 'RESOURCE_EXHAUSTED', 'details': [{'@type': 'type.googleapis.com/google.rpc.Help', 'links': [{'description': 'Learn more about Gemini API quotas', 'url': 'https://ai.google.dev/gemini-api/docs/rate-limits'}]}, {'@type': 'type.googleapis.com/google.rpc.QuotaFailure', 'violations': [{'quotaMetric': 'generativelanguage.googleapis.com/generate_content_free_tier_requests', 'quotaId': 'GenerateRequestsPerMinutePerProjectPerModel-FreeTier', 'quotaDimensions': {'model': 'gemini-3.5-flash', 'location': 'global'}, 'quotaValue': '5'}]}, {'@type': 'type.googleapis.com/google.rpc.RetryInfo', 'retryDelay': '19s'}]}}",32.25,9.92,3.82,0.95,46.94,205.74,326.13
RAGDEV017,How do I store and rotate application secrets with SAP Credential Store?,0,,NEAR_DOMAIN_UNSUPPORTED,,DOC006,0.6654,ABSTAIN,DOC004;DOC013;DOC021;DOC003;DOC022,,[],0,PIPELINE_ABSTAIN,,,10.65,10.67,3.08,0.63,25.03,0.00,100.48
RAGDEV018,How do I schedule a recurring job with SAP Job Scheduling Service?,0,,NEAR_DOMAIN_UNSUPPORTED,,DOC005,0.6976,ABSTAIN,DOC004;DOC013;DOC005;DOC023;DOC022,,[],0,PIPELINE_ABSTAIN,,,23.35,9.78,3.43,0.88,37.44,0.00,103.77
RAGDEV019,How do I configure a build pipeline in SAP Continuous Integration and Delivery?,0,,NEAR_DOMAIN_UNSUPPORTED,,DOC003,0.7723,ACCEPT,DOC003;DOC018;DOC002;DOC022;DOC017,DOC003;DOC018;DOC002;DOC022;DOC017,"[{'document_id': 'DOC003', 'title': 'Deploying to the Cloud Foundry Environment', 'source_url': 'https://help.sap.com/docs/btp/sap-business-technology-platform/deploying-to-cloud-foundry-environment', 'chunk_text': 'by adding frequent integration, automated testing, and faster delivery. For more information, see Continuous Integration and Delivery . Cloud Foundry Command Line Interface If you prefer to develop on your local machine, you can deploy your application from the folder on your computer directly to SAP BTP using the Cloud Foundry Command Line Interface (CF CLI). For more information, see Deploy Business Applications in the Cloud Foundry Environment. SAP BTP Cockpit You can also deploy your application with or without a manifest.yml file using the SAP BTP cockpit. For more information, see Deploy an Application. Docker Images If you want a higher degree of freedom when realizing your project, you can also deploy your applications and services using Docker images', 'retrieval_rank': 1}, {'document_id': 'DOC018', 'title': 'Basic Platform Concepts', 'source_url': 'https://help.sap.com/docs/BTP/df50977d8bfa4c9a8a063ddb37113c43/38ecf59cdda64150a102cfaa62d5faab.html', 'chunk_text': ""on the development environment you're using. For more information, see Programming Languages. - The SAP Cloud Application Programming Model offers a consistent end-to-end programming model that includes languages, libraries, and APIs that are tailored for full-stack development on SAP BTP. For more information, see Programming Models. - Depending on your use case, you can choose between different offerings for continuous integration and delivery. For more information, see Continuous Integration and Delivery (CI/CD). - Discover and consume APIs to manage, build, and extend the core capabilities of SAP BTP. For more information, see APIs."", 'retrieval_rank': 2}, {'document_id': 'DOC002', 'title': 'Development in the Cloud Foundry Environment', 'source_url': 'https://help.sap.com/docs/btp/sap-business-technology-platform/development-in-cloud-foundry-environment', 'chunk_text': 'Development in the Cloud Foundry Environment Learn more about developing applications on the SAP BTP, Cloud Foundry environment. Overview SAP BTP, Cloud Foundry environment is an open Platform-as-a-Service (PaaS) targeted at microservice development and orchestration. Develop polyglot applications Build on open standards with SAP Java, Node.js, and Python buildpacks or bring your own language with community buildpacks for PHP, Ruby, Go. Manage the lifecycle of applications Start, stop, scale, and configure distributed cloud applications using standard Cloud Foundry tools, our web-based administration user interface for SAP BTP, and dev-ops capabilities. Optimize development and operations Use the rich set of SAP BTP services including messaging, persistence, and many other capabilities, such as built-in security, compliance, elastic scale, and high-availability setup. Use', 'retrieval_rank': 3}, {'document_id': 'DOC022', 'title': 'Tools', 'source_url': 'https://help.sap.com/docs/btp/sap-business-technology-platform/tools', 'chunk_text': 'various SAP services and solutions. Used for: - SAP Fiori development for ABAP and non-ABAP - CAP full-stack application development SAP Build SAP Build enables everyone, no matter the skill level, to create and augment enterprise applications, process automations, and business sites with drag-and-drop simplicity. Used for low-code, no-code development. Command Line Interface for Cloud Foundry The Cloud Foundry command line interface enables you to work with the Cloud Foundry runtime to deploy and manage your applications. Used for managing subaccounts in the SAP BTP, Cloud Foundry runtime. SAP BTP Command Line Interface The SAP BTP command line interface (btp CLI) is the command line tool for convenient account management, such as managing global accounts, directories, subaccounts, entitlements, environment instances,', 'retrieval_rank': 4}, {'document_id': 'DOC017', 'title': 'SAP Business Technology Platform', 'source_url': 'https://help.sap.com/docs/btp/sap-business-technology-platform/sap-business-technology-platform', 'chunk_text': 'SAP solutions in both mobile and desktop environments, you can complete tasks faster. See: SAP Task Center on SAP BTP, SAP Mobile Start. For full workflow modeling and visibility capabilities leverage, see: SAP Process Automation on SAP BTP - Coordinated Lifecycle Management: You can optimize implementation projects and reduce configuration effort because provisioning, setup and operations, and monitoring solutions are harmonized. Automated provisioning and guided integration setup are available for selected scenarios in lead to cash, source to pay, recruit to retire, and design to operate. See: SAP for Me, SAP CALM - End-to-End Process Blueprints: Process blueprints that follow the Industry Reference Architecture standard can reduce planning effort for implementation projects. They also support architecture decisions. See: SAP API', 'retrieval_rank': 5}]",1,PROVIDER_ERROR,,"429 RESOURCE_EXHAUSTED. {'error': {'code': 429, 'message': 'You exceeded your current quota, please check your plan and billing details. For more information on this error, head to: https://ai.google.dev/gemini-api/docs/rate-limits. To monitor your current usage, head to: https://ai.dev/rate-limit. \n* Quota exceeded for metric: generativelanguage.googleapis.com/generate_content_free_tier_requests, limit: 5, model: gemini-3.5-flash\nPlease retry in 19.376743166s.', 'status': 'RESOURCE_EXHAUSTED', 'details': [{'@type': 'type.googleapis.com/google.rpc.Help', 'links': [{'description': 'Learn more about Gemini API quotas', 'url': 'https://ai.google.dev/gemini-api/docs/rate-limits'}]}, {'@type': 'type.googleapis.com/google.rpc.QuotaFailure', 'violations': [{'quotaMetric': 'generativelanguage.googleapis.com/generate_content_free_tier_requests', 'quotaId': 'GenerateRequestsPerMinutePerProjectPerModel-FreeTier', 'quotaDimensions': {'location': 'global', 'model': 'gemini-3.5-flash'}, 'quotaValue': '5'}]}, {'@type': 'type.googleapis.com/google.rpc.RetryInfo', 'retryDelay': '19s'}]}}",26.51,9.42,3.22,0.72,39.86,183.17,289.19
RAGDEV020,How do I deploy static web assets to the SAP HTML5 Application Repository?,0,,NEAR_DOMAIN_UNSUPPORTED,,DOC002,0.7119,ABSTAIN,DOC003;DOC018;DOC002;DOC016;DOC005,,[],0,PIPELINE_ABSTAIN,,,8.40,9.04,7.46,0.78,25.68,0.00,89.04
RAGDEV021,How do I choose strings for an acoustic guitar set?,0,,OUT_OF_SCOPE,,DOC005,0.5432,ABSTAIN,DOC005;DOC006;DOC014;DOC023;DOC002,,[],0,PIPELINE_ABSTAIN,,,45.79,9.65,3.26,0.78,59.49,0.00,125.60
RAGDEV022,What is the safest way to thaw frozen soup?,0,,OUT_OF_SCOPE,,DOC007,0.4740,ABSTAIN,DOC020;DOC002;DOC013;DOC023;DOC016,,[],0,PIPELINE_ABSTAIN,,,23.85,9.12,3.08,0.74,36.78,0.00,103.22
RAGDEV023,How should I plan a weekend itinerary for Lisbon?,0,,OUT_OF_SCOPE,,DOC016,0.4948,ABSTAIN,DOC024;DOC020;DOC016;DOC017;DOC019,,[],0,PIPELINE_ABSTAIN,,,21.98,9.95,2.85,0.71,35.49,0.00,104.71
RAGDEV024,What drills improve a tennis backhand return?,0,,OUT_OF_SCOPE,,DOC016,0.4744,ABSTAIN,DOC014;DOC009;DOC016;DOC017;DOC015,,[],0,PIPELINE_ABSTAIN,,,27.64,10.43,2.98,1.35,42.40,0.00,104.58
